gene,essential,comment
PA14_00060,no,"Manoil and Ausubel Overlap, 2005, LB met"
PA14_00070,no,"Manoil and Ausubel Overlap, 2005, LB met"
PA14_00120,no,"Manoil and Ausubel Overlap, 2005, LB met"
PA14_00250,no,"Manoil and Ausubel Overlap, 2005, LB met"
PA14_00280,yes,"Manoil and Ausubel Overlap, 2005, LB met"
PA14_00290,no,"Manoil and Ausubel Overlap, 2005, LB met"
PA14_00440,no,"Manoil and Ausubel Overlap, 2005, LB met"
PA14_00450,no,"Manoil and Ausubel Overlap, 2005, LB met"
PA14_00640,no,"Manoil and Ausubel Overlap, 2005, LB met"
PA14_01250,no,"Manoil and Ausubel Overlap, 2005, LB met"
PA14_01460,no,"Manoil and Ausubel Overlap, 2005, LB met"
PA14_01580,no,"Manoil and Ausubel Overlap, 2005, LB met"
PA14_01600,no,"Manoil and Ausubel Overlap, 2005, LB met"
PA14_01620,no,"Manoil and Ausubel Overlap, 2005, LB met"
PA14_01660,no,"Manoil and Ausubel Overlap, 2005, LB met"
PA14_01760,no,"Manoil and Ausubel Overlap, 2005, LB met"
PA14_01830,no,"Manoil and Ausubel Overlap, 2005, LB met"
PA14_01900,no,"Manoil and Ausubel Overlap, 2005, LB met"
PA14_01910,no,"Manoil and Ausubel Overlap, 2005, LB met"
PA14_02070,no,"Manoil and Ausubel Overlap, 2005, LB met"
PA14_02330,no,"Manoil and Ausubel Overlap, 2005, LB met"
PA14_02340,no,"Manoil and Ausubel Overlap, 2005, LB met"
PA14_02450,no,"Manoil and Ausubel Overlap, 2005, LB met"
PA14_02470,no,"Manoil and Ausubel Overlap, 2005, LB met"
PA14_02550,no,"Manoil and Ausubel Overlap, 2005, LB met"
PA14_02570,no,"Manoil and Ausubel Overlap, 2005, LB met"
PA14_02580,no,"Manoil and Ausubel Overlap, 2005, LB met"
PA14_02590,no,"Manoil and Ausubel Overlap, 2005, LB met"
PA14_02630,no,"Manoil and Ausubel Overlap, 2005, LB met"
PA14_02640,no,"Manoil and Ausubel Overlap, 2005, LB met"
PA14_02680,no,"Manoil and Ausubel Overlap, 2005, LB met"
PA14_02790,no,"Manoil and Ausubel Overlap, 2005, LB met"
PA14_02810,no,"Manoil and Ausubel Overlap, 2005, LB met"
PA14_02830,no,"Manoil and Ausubel Overlap, 2005, LB met"
PA14_02840,no,"Manoil and Ausubel Overlap, 2005, LB met"
PA14_02850,no,"Manoil and Ausubel Overlap, 2005, LB met"
PA14_02900,no,"Manoil and Ausubel Overlap, 2005, LB met"
PA14_02990,no,"Manoil and Ausubel Overlap, 2005, LB met"
PA14_03000,no,"Manoil and Ausubel Overlap, 2005, LB met"
PA14_03030,no,"Manoil and Ausubel Overlap, 2005, LB met"
PA14_03050,no,"Manoil and Ausubel Overlap, 2005, LB met"
PA14_03130,no,"Manoil and Ausubel Overlap, 2005, LB met"
PA14_03430,no,"Manoil and Ausubel Overlap, 2005, LB met"
PA14_03450,no,"Manoil and Ausubel Overlap, 2005, LB met"
PA14_03550,no,"Manoil and Ausubel Overlap, 2005, LB met"
PA14_03650,no,"Manoil and Ausubel Overlap, 2005, LB met"
PA14_03670,no,"Manoil and Ausubel Overlap, 2005, LB met"
PA14_03680,no,"Manoil and Ausubel Overlap, 2005, LB met"
PA14_03700,no,"Manoil and Ausubel Overlap, 2005, LB met"
PA14_03770,no,"Manoil and Ausubel Overlap, 2005, LB met"
PA14_03810,no,"Manoil and Ausubel Overlap, 2005, LB met"
PA14_03830,no,"Manoil and Ausubel Overlap, 2005, LB met"
PA14_03860,no,"Manoil and Ausubel Overlap, 2005, LB met"
PA14_03880,no,"Manoil and Ausubel Overlap, 2005, LB met"
PA14_03900,no,"Manoil and Ausubel Overlap, 2005, LB met"
PA14_03920,no,"Manoil and Ausubel Overlap, 2005, LB met"
PA14_03930,no,"Manoil and Ausubel Overlap, 2005, LB met"
PA14_03940,no,"Manoil and Ausubel Overlap, 2005, LB met"
PA14_03950,no,"Manoil and Ausubel Overlap, 2005, LB met"
PA14_03960,no,"Manoil and Ausubel Overlap, 2005, LB met"
PA14_04080,no,"Manoil and Ausubel Overlap, 2005, LB met"
PA14_04090,no,"Manoil and Ausubel Overlap, 2005, LB met"
PA14_04110,no,"Manoil and Ausubel Overlap, 2005, LB met"
PA14_04210,no,"Manoil and Ausubel Overlap, 2005, LB met"
PA14_04220,no,"Manoil and Ausubel Overlap, 2005, LB met"
PA14_04230,no,"Manoil and Ausubel Overlap, 2005, LB met"
PA14_04240,no,"Manoil and Ausubel Overlap, 2005, LB met"
PA14_04250,no,"Manoil and Ausubel Overlap, 2005, LB met"
PA14_04310,yes,"Manoil and Ausubel Overlap, 2005, LB met"
PA14_04320,no,"Manoil and Ausubel Overlap, 2005, LB met"
PA14_04480,yes,"Manoil and Ausubel Overlap, 2005, LB met"
PA14_04550,no,"Manoil and Ausubel Overlap, 2005, LB met"
PA14_04580,yes,"Manoil and Ausubel Overlap, 2005, LB met"
PA14_04610,no,"Manoil and Ausubel Overlap, 2005, LB met"
PA14_04630,no,"Manoil and Ausubel Overlap, 2005, LB met"
PA14_04760,yes,"Manoil and Ausubel Overlap, 2005, LB met"
PA14_04780,no,"Manoil and Ausubel Overlap, 2005, LB met"
PA14_05080,no,"Manoil and Ausubel Overlap, 2005, LB met"
PA14_05150,no,"Manoil and Ausubel Overlap, 2005, LB met"
PA14_05200,no,"Manoil and Ausubel Overlap, 2005, LB met"
PA14_05220,no,"Manoil and Ausubel Overlap, 2005, LB met"
PA14_05230,no,"Manoil and Ausubel Overlap, 2005, LB met"
PA14_05260,no,"Manoil and Ausubel Overlap, 2005, LB met"
PA14_05270,no,"Manoil and Ausubel Overlap, 2005, LB met"
PA14_05310,no,"Manoil and Ausubel Overlap, 2005, LB met"
PA14_05460,no,"Manoil and Ausubel Overlap, 2005, LB met"
PA14_05590,no,"Manoil and Ausubel Overlap, 2005, LB met"
PA14_05620,no,"Manoil and Ausubel Overlap, 2005, LB met"
PA14_05690,no,"Manoil and Ausubel Overlap, 2005, LB met"
PA14_05700,no,"Manoil and Ausubel Overlap, 2005, LB met"
PA14_05770,no,"Manoil and Ausubel Overlap, 2005, LB met"
PA14_05790,no,"Manoil and Ausubel Overlap, 2005, LB met"
PA14_05840,no,"Manoil and Ausubel Overlap, 2005, LB met"
PA14_05870,no,"Manoil and Ausubel Overlap, 2005, LB met"
PA14_06230,no,"Manoil and Ausubel Overlap, 2005, LB met"
PA14_06290,no,"Manoil and Ausubel Overlap, 2005, LB met"
PA14_06500,no,"Manoil and Ausubel Overlap, 2005, LB met"
PA14_06510,no,"Manoil and Ausubel Overlap, 2005, LB met"
PA14_06570,no,"Manoil and Ausubel Overlap, 2005, LB met"
PA14_06600,no,"Manoil and Ausubel Overlap, 2005, LB met"
PA14_06660,no,"Manoil and Ausubel Overlap, 2005, LB met"
PA14_06670,no,"Manoil and Ausubel Overlap, 2005, LB met"
PA14_06700,no,"Manoil and Ausubel Overlap, 2005, LB met"
PA14_06720,no,"Manoil and Ausubel Overlap, 2005, LB met"
PA14_06750,no,"Manoil and Ausubel Overlap, 2005, LB met"
PA14_06810,no,"Manoil and Ausubel Overlap, 2005, LB met"
PA14_06830,no,"Manoil and Ausubel Overlap, 2005, LB met"
PA14_06960,no,"Manoil and Ausubel Overlap, 2005, LB met"
PA14_07090,no,"Manoil and Ausubel Overlap, 2005, LB met"
PA14_07130,no,"Manoil and Ausubel Overlap, 2005, LB met"
PA14_07170,no,"Manoil and Ausubel Overlap, 2005, LB met"
PA14_07190,no,"Manoil and Ausubel Overlap, 2005, LB met"
PA14_07230,yes,"Manoil and Ausubel Overlap, 2005, LB met"
PA14_07580,no,"Manoil and Ausubel Overlap, 2005, LB met"
PA14_07590,yes,"Manoil and Ausubel Overlap, 2005, LB met"
PA14_07600,no,"Manoil and Ausubel Overlap, 2005, LB met"
PA14_07700,no,"Manoil and Ausubel Overlap, 2005, LB met"
PA14_07740,no,"Manoil and Ausubel Overlap, 2005, LB met"
PA14_07850,no,"Manoil and Ausubel Overlap, 2005, LB met"
PA14_07860,no,"Manoil and Ausubel Overlap, 2005, LB met"
PA14_07870,no,"Manoil and Ausubel Overlap, 2005, LB met"
PA14_07890,no,"Manoil and Ausubel Overlap, 2005, LB met"
PA14_07900,no,"Manoil and Ausubel Overlap, 2005, LB met"
PA14_07910,yes,"Manoil and Ausubel Overlap, 2005, LB met"
PA14_07930,no,"Manoil and Ausubel Overlap, 2005, LB met"
PA14_07940,no,"Manoil and Ausubel Overlap, 2005, LB met"
PA14_08340,no,"Manoil and Ausubel Overlap, 2005, LB met"
PA14_08350,no,"Manoil and Ausubel Overlap, 2005, LB met"
PA14_08360,no,"Manoil and Ausubel Overlap, 2005, LB met"
PA14_08390,no,"Manoil and Ausubel Overlap, 2005, LB met"
PA14_08400,yes,"Manoil and Ausubel Overlap, 2005, LB met"
PA14_08480,no,"Manoil and Ausubel Overlap, 2005, LB met"
PA14_08560,no,"Manoil and Ausubel Overlap, 2005, LB met"
PA14_08620,no,"Manoil and Ausubel Overlap, 2005, LB met"
PA14_08630,yes,"Manoil and Ausubel Overlap, 2005, LB met"
PA14_09150,no,"Manoil and Ausubel Overlap, 2005, LB met"
PA14_09210,no,"Manoil and Ausubel Overlap, 2005, LB met"
PA14_09220,no,"Manoil and Ausubel Overlap, 2005, LB met"
PA14_09240,no,"Manoil and Ausubel Overlap, 2005, LB met"
PA14_09270,no,"Manoil and Ausubel Overlap, 2005, LB met"
PA14_09280,no,"Manoil and Ausubel Overlap, 2005, LB met"
PA14_09290,no,"Manoil and Ausubel Overlap, 2005, LB met"
PA14_09400,no,"Manoil and Ausubel Overlap, 2005, LB met"
PA14_09410,no,"Manoil and Ausubel Overlap, 2005, LB met"
PA14_09420,no,"Manoil and Ausubel Overlap, 2005, LB met"
PA14_09440,no,"Manoil and Ausubel Overlap, 2005, LB met"
PA14_09450,no,"Manoil and Ausubel Overlap, 2005, LB met"
PA14_09460,no,"Manoil and Ausubel Overlap, 2005, LB met"
PA14_09470,no,"Manoil and Ausubel Overlap, 2005, LB met"
PA14_09480,no,"Manoil and Ausubel Overlap, 2005, LB met"
PA14_09490,no,"Manoil and Ausubel Overlap, 2005, LB met"
PA14_09550,no,"Manoil and Ausubel Overlap, 2005, LB met"
PA14_09600,no,"Manoil and Ausubel Overlap, 2005, LB met"
PA14_09660,no,"Manoil and Ausubel Overlap, 2005, LB met"
PA14_09710,no,"Manoil and Ausubel Overlap, 2005, LB met"
PA14_09740,no,"Manoil and Ausubel Overlap, 2005, LB met"
PA14_10140,no,"Manoil and Ausubel Overlap, 2005, LB met"
PA14_10160,no,"Manoil and Ausubel Overlap, 2005, LB met"
PA14_10170,no,"Manoil and Ausubel Overlap, 2005, LB met"
PA14_10180,no,"Manoil and Ausubel Overlap, 2005, LB met"
PA14_10200,no,"Manoil and Ausubel Overlap, 2005, LB met"
PA14_10230,no,"Manoil and Ausubel Overlap, 2005, LB met"
PA14_10240,no,"Manoil and Ausubel Overlap, 2005, LB met"
PA14_10250,no,"Manoil and Ausubel Overlap, 2005, LB met"
PA14_10260,no,"Manoil and Ausubel Overlap, 2005, LB met"
PA14_10420,no,"Manoil and Ausubel Overlap, 2005, LB met"
PA14_10530,no,"Manoil and Ausubel Overlap, 2005, LB met"
PA14_10550,no,"Manoil and Ausubel Overlap, 2005, LB met"
PA14_10600,no,"Manoil and Ausubel Overlap, 2005, LB met"
PA14_10620,no,"Manoil and Ausubel Overlap, 2005, LB met"
PA14_10630,no,"Manoil and Ausubel Overlap, 2005, LB met"
PA14_10790,no,"Manoil and Ausubel Overlap, 2005, LB met"
PA14_10850,no,"Manoil and Ausubel Overlap, 2005, LB met"
PA14_10890,no,"Manoil and Ausubel Overlap, 2005, LB met"
PA14_10900,no,"Manoil and Ausubel Overlap, 2005, LB met"
PA14_10990,no,"Manoil and Ausubel Overlap, 2005, LB met"
PA14_11000,no,"Manoil and Ausubel Overlap, 2005, LB met"
PA14_11030,no,"Manoil and Ausubel Overlap, 2005, LB met"
PA14_11130,no,"Manoil and Ausubel Overlap, 2005, LB met"
PA14_11190,no,"Manoil and Ausubel Overlap, 2005, LB met"
PA14_11260,yes,"Manoil and Ausubel Overlap, 2005, LB met"
PA14_11400,yes,"Manoil and Ausubel Overlap, 2005, LB met"
PA14_11410,yes,"Manoil and Ausubel Overlap, 2005, LB met"
PA14_11420,no,"Manoil and Ausubel Overlap, 2005, LB met"
PA14_11430,no,"Manoil and Ausubel Overlap, 2005, LB met"
PA14_11460,yes,"Manoil and Ausubel Overlap, 2005, LB met"
PA14_11470,no,"Manoil and Ausubel Overlap, 2005, LB met"
PA14_11510,yes,"Manoil and Ausubel Overlap, 2005, LB met"
PA14_11530,no,"Manoil and Ausubel Overlap, 2005, LB met"
PA14_11550,yes,"Manoil and Ausubel Overlap, 2005, LB met"
PA14_11560,no,"Manoil and Ausubel Overlap, 2005, LB met"
PA14_11690,no,"Manoil and Ausubel Overlap, 2005, LB met"
PA14_11760,no,"Manoil and Ausubel Overlap, 2005, LB met"
PA14_11770,no,"Manoil and Ausubel Overlap, 2005, LB met"
PA14_11790,no,"Manoil and Ausubel Overlap, 2005, LB met"
PA14_11810,no,"Manoil and Ausubel Overlap, 2005, LB met"
PA14_11860,yes,"Manoil and Ausubel Overlap, 2005, LB met"
PA14_12010,no,"Manoil and Ausubel Overlap, 2005, LB met"
PA14_12020,no,"Manoil and Ausubel Overlap, 2005, LB met"
PA14_12060,no,"Manoil and Ausubel Overlap, 2005, LB met"
PA14_12230,no,"Manoil and Ausubel Overlap, 2005, LB met"
PA14_12300,no,"Manoil and Ausubel Overlap, 2005, LB met"
PA14_12390,no,"Manoil and Ausubel Overlap, 2005, LB met"
PA14_12400,no,"Manoil and Ausubel Overlap, 2005, LB met"
PA14_12410,no,"Manoil and Ausubel Overlap, 2005, LB met"
PA14_12490,no,"Manoil and Ausubel Overlap, 2005, LB met"
PA14_12890,no,"Manoil and Ausubel Overlap, 2005, LB met"
PA14_12920,no,"Manoil and Ausubel Overlap, 2005, LB met"
PA14_12940,no,"Manoil and Ausubel Overlap, 2005, LB met"
PA14_12960,no,"Manoil and Ausubel Overlap, 2005, LB met"
PA14_12990,no,"Manoil and Ausubel Overlap, 2005, LB met"
PA14_13110,no,"Manoil and Ausubel Overlap, 2005, LB met"
PA14_13170,no,"Manoil and Ausubel Overlap, 2005, LB met"
PA14_13430,no,"Manoil and Ausubel Overlap, 2005, LB met"
PA14_13500,no,"Manoil and Ausubel Overlap, 2005, LB met"
PA14_13580,no,"Manoil and Ausubel Overlap, 2005, LB met"
PA14_13590,no,"Manoil and Ausubel Overlap, 2005, LB met"
PA14_13600,no,"Manoil and Ausubel Overlap, 2005, LB met"
PA14_13610,no,"Manoil and Ausubel Overlap, 2005, LB met"
PA14_13620,no,"Manoil and Ausubel Overlap, 2005, LB met"
PA14_13750,no,"Manoil and Ausubel Overlap, 2005, LB met"
PA14_13770,no,"Manoil and Ausubel Overlap, 2005, LB met"
PA14_13780,no,"Manoil and Ausubel Overlap, 2005, LB met"
PA14_13800,no,"Manoil and Ausubel Overlap, 2005, LB met"
PA14_13810,no,"Manoil and Ausubel Overlap, 2005, LB met"
PA14_13830,no,"Manoil and Ausubel Overlap, 2005, LB met"
PA14_14010,no,"Manoil and Ausubel Overlap, 2005, LB met"
PA14_14060,no,"Manoil and Ausubel Overlap, 2005, LB met"
PA14_14100,no,"Manoil and Ausubel Overlap, 2005, LB met"
PA14_14110,no,"Manoil and Ausubel Overlap, 2005, LB met"
PA14_14700,no,"Manoil and Ausubel Overlap, 2005, LB met"
PA14_14820,yes,"Manoil and Ausubel Overlap, 2005, LB met"
PA14_14880,yes,"Manoil and Ausubel Overlap, 2005, LB met"
PA14_14890,no,"Manoil and Ausubel Overlap, 2005, LB met"
PA14_14940,no,"Manoil and Ausubel Overlap, 2005, LB met"
PA14_15030,no,"Manoil and Ausubel Overlap, 2005, LB met"
PA14_15310,yes,"Manoil and Ausubel Overlap, 2005, LB met"
PA14_15340,no,"Manoil and Ausubel Overlap, 2005, LB met"
PA14_15700,no,"Manoil and Ausubel Overlap, 2005, LB met"
PA14_15740,no,"Manoil and Ausubel Overlap, 2005, LB met"
PA14_15780,no,"Manoil and Ausubel Overlap, 2005, LB met"
PA14_15790,no,"Manoil and Ausubel Overlap, 2005, LB met"
PA14_15820,no,"Manoil and Ausubel Overlap, 2005, LB met"
PA14_15890,no,"Manoil and Ausubel Overlap, 2005, LB met"
PA14_16030,no,"Manoil and Ausubel Overlap, 2005, LB met"
PA14_16070,no,"Manoil and Ausubel Overlap, 2005, LB met"
PA14_16090,no,"Manoil and Ausubel Overlap, 2005, LB met"
PA14_16360,no,"Manoil and Ausubel Overlap, 2005, LB met"
PA14_16390,no,"Manoil and Ausubel Overlap, 2005, LB met"
PA14_16660,no,"Manoil and Ausubel Overlap, 2005, LB met"
PA14_16690,no,"Manoil and Ausubel Overlap, 2005, LB met"
PA14_16700,no,"Manoil and Ausubel Overlap, 2005, LB met"
PA14_16860,no,"Manoil and Ausubel Overlap, 2005, LB met"
PA14_16950,yes,"Manoil and Ausubel Overlap, 2005, LB met"
PA14_17010,no,"Manoil and Ausubel Overlap, 2005, LB met"
PA14_17030,no,"Manoil and Ausubel Overlap, 2005, LB met"
PA14_17080,yes,"Manoil and Ausubel Overlap, 2005, LB met"
PA14_17110,yes,"Manoil and Ausubel Overlap, 2005, LB met"
PA14_17120,yes,"Manoil and Ausubel Overlap, 2005, LB met"
PA14_17130,yes,"Manoil and Ausubel Overlap, 2005, LB met"
PA14_17180,no,"Manoil and Ausubel Overlap, 2005, LB met"
PA14_17190,yes,"Manoil and Ausubel Overlap, 2005, LB met"
PA14_17210,yes,"Manoil and Ausubel Overlap, 2005, LB met"
PA14_17220,yes,"Manoil and Ausubel Overlap, 2005, LB met"
PA14_17270,yes,"Manoil and Ausubel Overlap, 2005, LB met"
PA14_17290,yes,"Manoil and Ausubel Overlap, 2005, LB met"
PA14_17310,no,"Manoil and Ausubel Overlap, 2005, LB met"
PA14_17320,no,"Manoil and Ausubel Overlap, 2005, LB met"
PA14_17340,no,"Manoil and Ausubel Overlap, 2005, LB met"
PA14_17400,no,"Manoil and Ausubel Overlap, 2005, LB met"
PA14_17420,no,"Manoil and Ausubel Overlap, 2005, LB met"
PA14_17450,no,"Manoil and Ausubel Overlap, 2005, LB met"
PA14_17610,no,"Manoil and Ausubel Overlap, 2005, LB met"
PA14_17620,no,"Manoil and Ausubel Overlap, 2005, LB met"
PA14_17630,no,"Manoil and Ausubel Overlap, 2005, LB met"
PA14_17640,no,"Manoil and Ausubel Overlap, 2005, LB met"
PA14_17675,no,"Manoil and Ausubel Overlap, 2005, LB met"
PA14_17740,no,"Manoil and Ausubel Overlap, 2005, LB met"
PA14_17860,no,"Manoil and Ausubel Overlap, 2005, LB met"
PA14_17880,no,"Manoil and Ausubel Overlap, 2005, LB met"
PA14_17930,no,"Manoil and Ausubel Overlap, 2005, LB met"
PA14_17960,no,"Manoil and Ausubel Overlap, 2005, LB met"
PA14_17980,no,"Manoil and Ausubel Overlap, 2005, LB met"
PA14_18010,no,"Manoil and Ausubel Overlap, 2005, LB met"
PA14_18120,no,"Manoil and Ausubel Overlap, 2005, LB met"
PA14_18140,no,"Manoil and Ausubel Overlap, 2005, LB met"
PA14_18150,no,"Manoil and Ausubel Overlap, 2005, LB met"
PA14_18250,no,"Manoil and Ausubel Overlap, 2005, LB met"
PA14_18260,no,"Manoil and Ausubel Overlap, 2005, LB met"
PA14_18275,no,"Manoil and Ausubel Overlap, 2005, LB met"
PA14_18300,no,"Manoil and Ausubel Overlap, 2005, LB met"
PA14_18380,no,"Manoil and Ausubel Overlap, 2005, LB met"
PA14_18410,no,"Manoil and Ausubel Overlap, 2005, LB met"
PA14_18430,no,"Manoil and Ausubel Overlap, 2005, LB met"
PA14_18450,no,"Manoil and Ausubel Overlap, 2005, LB met"
PA14_18480,no,"Manoil and Ausubel Overlap, 2005, LB met"
PA14_18500,no,"Manoil and Ausubel Overlap, 2005, LB met"
PA14_18510,no,"Manoil and Ausubel Overlap, 2005, LB met"
PA14_18520,no,"Manoil and Ausubel Overlap, 2005, LB met"
PA14_18550,no,"Manoil and Ausubel Overlap, 2005, LB met"
PA14_18565,no,"Manoil and Ausubel Overlap, 2005, LB met"
PA14_18580,no,"Manoil and Ausubel Overlap, 2005, LB met"
PA14_18600,no,"Manoil and Ausubel Overlap, 2005, LB met"
PA14_18610,no,"Manoil and Ausubel Overlap, 2005, LB met"
PA14_18710,no,"Manoil and Ausubel Overlap, 2005, LB met"
PA14_18740,no,"Manoil and Ausubel Overlap, 2005, LB met"
PA14_18750,no,"Manoil and Ausubel Overlap, 2005, LB met"
PA14_18970,no,"Manoil and Ausubel Overlap, 2005, LB met"
PA14_19050,no,"Manoil and Ausubel Overlap, 2005, LB met"
PA14_19090,no,"Manoil and Ausubel Overlap, 2005, LB met"
PA14_19100,no,"Manoil and Ausubel Overlap, 2005, LB met"
PA14_19110,no,"Manoil and Ausubel Overlap, 2005, LB met"
PA14_19130,no,"Manoil and Ausubel Overlap, 2005, LB met"
PA14_19140,no,"Manoil and Ausubel Overlap, 2005, LB met"
PA14_19190,no,"Manoil and Ausubel Overlap, 2005, LB met"
PA14_19350,no,"Manoil and Ausubel Overlap, 2005, LB met"
PA14_19370,no,"Manoil and Ausubel Overlap, 2005, LB met"
PA14_19400,no,"Manoil and Ausubel Overlap, 2005, LB met"
PA14_19470,no,"Manoil and Ausubel Overlap, 2005, LB met"
PA14_19500,no,"Manoil and Ausubel Overlap, 2005, LB met"
PA14_19510,no,"Manoil and Ausubel Overlap, 2005, LB met"
PA14_19520,no,"Manoil and Ausubel Overlap, 2005, LB met"
PA14_19570,no,"Manoil and Ausubel Overlap, 2005, LB met"
PA14_19580,no,"Manoil and Ausubel Overlap, 2005, LB met"
PA14_19630,no,"Manoil and Ausubel Overlap, 2005, LB met"
PA14_19770,no,"Manoil and Ausubel Overlap, 2005, LB met"
PA14_19870,no,"Manoil and Ausubel Overlap, 2005, LB met"
PA14_19900,no,"Manoil and Ausubel Overlap, 2005, LB met"
PA14_19910,no,"Manoil and Ausubel Overlap, 2005, LB met"
PA14_20140,no,"Manoil and Ausubel Overlap, 2005, LB met"
PA14_20200,no,"Manoil and Ausubel Overlap, 2005, LB met"
PA14_20270,no,"Manoil and Ausubel Overlap, 2005, LB met"
PA14_20300,no,"Manoil and Ausubel Overlap, 2005, LB met"
PA14_20320,no,"Manoil and Ausubel Overlap, 2005, LB met"
PA14_20330,no,"Manoil and Ausubel Overlap, 2005, LB met"
PA14_20400,no,"Manoil and Ausubel Overlap, 2005, LB met"
PA14_20420,no,"Manoil and Ausubel Overlap, 2005, LB met"
PA14_20560,no,"Manoil and Ausubel Overlap, 2005, LB met"
PA14_20650,no,"Manoil and Ausubel Overlap, 2005, LB met"
PA14_20670,no,"Manoil and Ausubel Overlap, 2005, LB met"
PA14_20890,no,"Manoil and Ausubel Overlap, 2005, LB met"
PA14_20950,no,"Manoil and Ausubel Overlap, 2005, LB met"
PA14_21140,no,"Manoil and Ausubel Overlap, 2005, LB met"
PA14_21150,no,"Manoil and Ausubel Overlap, 2005, LB met"
PA14_21160,no,"Manoil and Ausubel Overlap, 2005, LB met"
PA14_21175,no,"Manoil and Ausubel Overlap, 2005, LB met"
PA14_21340,no,"Manoil and Ausubel Overlap, 2005, LB met"
PA14_21370,no,"Manoil and Ausubel Overlap, 2005, LB met"
PA14_21410,no,"Manoil and Ausubel Overlap, 2005, LB met"
PA14_21910,no,"Manoil and Ausubel Overlap, 2005, LB met"
PA14_21920,no,"Manoil and Ausubel Overlap, 2005, LB met"
PA14_21930,no,"Manoil and Ausubel Overlap, 2005, LB met"
PA14_21960,no,"Manoil and Ausubel Overlap, 2005, LB met"
PA14_22000,no,"Manoil and Ausubel Overlap, 2005, LB met"
PA14_22050,no,"Manoil and Ausubel Overlap, 2005, LB met"
PA14_22350,no,"Manoil and Ausubel Overlap, 2005, LB met"
PA14_22620,no,"Manoil and Ausubel Overlap, 2005, LB met"
PA14_22690,no,"Manoil and Ausubel Overlap, 2005, LB met"
PA14_22890,no,"Manoil and Ausubel Overlap, 2005, LB met"
PA14_22910,no,"Manoil and Ausubel Overlap, 2005, LB met"
PA14_22930,no,"Manoil and Ausubel Overlap, 2005, LB met"
PA14_22980,no,"Manoil and Ausubel Overlap, 2005, LB met"
PA14_22990,no,"Manoil and Ausubel Overlap, 2005, LB met"
PA14_23000,no,"Manoil and Ausubel Overlap, 2005, LB met"
PA14_23010,no,"Manoil and Ausubel Overlap, 2005, LB met"
PA14_23070,no,"Manoil and Ausubel Overlap, 2005, LB met"
PA14_23080,no,"Manoil and Ausubel Overlap, 2005, LB met"
PA14_23090,no,"Manoil and Ausubel Overlap, 2005, LB met"
PA14_23160,no,"Manoil and Ausubel Overlap, 2005, LB met"
PA14_23170,no,"Manoil and Ausubel Overlap, 2005, LB met"
PA14_23210,no,"Manoil and Ausubel Overlap, 2005, LB met"
PA14_23220,yes,"Manoil and Ausubel Overlap, 2005, LB met"
PA14_23250,no,"Manoil and Ausubel Overlap, 2005, LB met"
PA14_23270,no,"Manoil and Ausubel Overlap, 2005, LB met"
PA14_23280,no,"Manoil and Ausubel Overlap, 2005, LB met"
PA14_23290,no,"Manoil and Ausubel Overlap, 2005, LB met"
PA14_23310,no,"Manoil and Ausubel Overlap, 2005, LB met"
PA14_23320,yes,"Manoil and Ausubel Overlap, 2005, LB met"
PA14_23360,no,"Manoil and Ausubel Overlap, 2005, LB met"
PA14_23370,no,"Manoil and Ausubel Overlap, 2005, LB met"
PA14_23380,no,"Manoil and Ausubel Overlap, 2005, LB met"
PA14_23390,no,"Manoil and Ausubel Overlap, 2005, LB met"
PA14_23410,no,"Manoil and Ausubel Overlap, 2005, LB met"
PA14_23440,no,"Manoil and Ausubel Overlap, 2005, LB met"
PA14_23450,no,"Manoil and Ausubel Overlap, 2005, LB met"
PA14_23460,no,"Manoil and Ausubel Overlap, 2005, LB met"
PA14_23470,no,"Manoil and Ausubel Overlap, 2005, LB met"
PA14_23500,no,"Manoil and Ausubel Overlap, 2005, LB met"
PA14_23560,yes,"Manoil and Ausubel Overlap, 2005, LB met"
PA14_23620,no,"Manoil and Ausubel Overlap, 2005, LB met"
PA14_23750,no,"Manoil and Ausubel Overlap, 2005, LB met"
PA14_23760,no,"Manoil and Ausubel Overlap, 2005, LB met"
PA14_23790,no,"Manoil and Ausubel Overlap, 2005, LB met"
PA14_23800,yes,"Manoil and Ausubel Overlap, 2005, LB met"
PA14_23840,no,"Manoil and Ausubel Overlap, 2005, LB met"
PA14_23850,no,"Manoil and Ausubel Overlap, 2005, LB met"
PA14_23860,yes,"Manoil and Ausubel Overlap, 2005, LB met"
PA14_23880,no,"Manoil and Ausubel Overlap, 2005, LB met"
PA14_23920,no,"Manoil and Ausubel Overlap, 2005, LB met"
PA14_23930,no,"Manoil and Ausubel Overlap, 2005, LB met"
PA14_24170,no,"Manoil and Ausubel Overlap, 2005, LB met"
PA14_24190,no,"Manoil and Ausubel Overlap, 2005, LB met"
PA14_24220,no,"Manoil and Ausubel Overlap, 2005, LB met"
PA14_24290,no,"Manoil and Ausubel Overlap, 2005, LB met"
PA14_24640,no,"Manoil and Ausubel Overlap, 2005, LB met"
PA14_24730,no,"Manoil and Ausubel Overlap, 2005, LB met"
PA14_24780,no,"Manoil and Ausubel Overlap, 2005, LB met"
PA14_24830,no,"Manoil and Ausubel Overlap, 2005, LB met"
PA14_24950,no,"Manoil and Ausubel Overlap, 2005, LB met"
PA14_24960,no,"Manoil and Ausubel Overlap, 2005, LB met"
PA14_25080,no,"Manoil and Ausubel Overlap, 2005, LB met"
PA14_25090,no,"Manoil and Ausubel Overlap, 2005, LB met"
PA14_25210,no,"Manoil and Ausubel Overlap, 2005, LB met"
PA14_25250,no,"Manoil and Ausubel Overlap, 2005, LB met"
PA14_25270,no,"Manoil and Ausubel Overlap, 2005, LB met"
PA14_25390,no,"Manoil and Ausubel Overlap, 2005, LB met"
PA14_25510,yes,"Manoil and Ausubel Overlap, 2005, LB met"
PA14_25530,yes,"Manoil and Ausubel Overlap, 2005, LB met"
PA14_25550,yes,"Manoil and Ausubel Overlap, 2005, LB met"
PA14_25580,no,"Manoil and Ausubel Overlap, 2005, LB met"
PA14_25640,no,"Manoil and Ausubel Overlap, 2005, LB met"
PA14_25650,no,"Manoil and Ausubel Overlap, 2005, LB met"
PA14_25660,yes,"Manoil and Ausubel Overlap, 2005, LB met"
PA14_25690,no,"Manoil and Ausubel Overlap, 2005, LB met"
PA14_25710,no,"Manoil and Ausubel Overlap, 2005, LB met"
PA14_25740,yes,"Manoil and Ausubel Overlap, 2005, LB met"
PA14_25920,no,"Manoil and Ausubel Overlap, 2005, LB met"
PA14_25970,no,"Manoil and Ausubel Overlap, 2005, LB met"
PA14_25980,no,"Manoil and Ausubel Overlap, 2005, LB met"
PA14_26010,no,"Manoil and Ausubel Overlap, 2005, LB met"
PA14_26050,no,"Manoil and Ausubel Overlap, 2005, LB met"
PA14_26210,no,"Manoil and Ausubel Overlap, 2005, LB met"
PA14_26220,no,"Manoil and Ausubel Overlap, 2005, LB met"
PA14_26230,no,"Manoil and Ausubel Overlap, 2005, LB met"
PA14_26240,no,"Manoil and Ausubel Overlap, 2005, LB met"
PA14_26360,no,"Manoil and Ausubel Overlap, 2005, LB met"
PA14_26390,no,"Manoil and Ausubel Overlap, 2005, LB met"
PA14_26400,no,"Manoil and Ausubel Overlap, 2005, LB met"
PA14_26460,no,"Manoil and Ausubel Overlap, 2005, LB met"
PA14_26480,no,"Manoil and Ausubel Overlap, 2005, LB met"
PA14_26485,no,"Manoil and Ausubel Overlap, 2005, LB met"
PA14_26500,no,"Manoil and Ausubel Overlap, 2005, LB met"
PA14_26510,no,"Manoil and Ausubel Overlap, 2005, LB met"
PA14_26530,no,"Manoil and Ausubel Overlap, 2005, LB met"
PA14_26590,no,"Manoil and Ausubel Overlap, 2005, LB met"
PA14_26650,no,"Manoil and Ausubel Overlap, 2005, LB met"
PA14_26890,no,"Manoil and Ausubel Overlap, 2005, LB met"
PA14_27500,no,"Manoil and Ausubel Overlap, 2005, LB met"
PA14_27960,no,"Manoil and Ausubel Overlap, 2005, LB met"
PA14_28170,no,"Manoil and Ausubel Overlap, 2005, LB met"
PA14_28180,no,"Manoil and Ausubel Overlap, 2005, LB met"
PA14_28650,no,"Manoil and Ausubel Overlap, 2005, LB met"
PA14_29110,no,"Manoil and Ausubel Overlap, 2005, LB met"
PA14_29410,no,"Manoil and Ausubel Overlap, 2005, LB met"
PA14_29600,yes,"Manoil and Ausubel Overlap, 2005, LB met"
PA14_29850,no,"Manoil and Ausubel Overlap, 2005, LB met"
PA14_29860,no,"Manoil and Ausubel Overlap, 2005, LB met"
PA14_29880,no,"Manoil and Ausubel Overlap, 2005, LB met"
PA14_29890,no,"Manoil and Ausubel Overlap, 2005, LB met"
PA14_29900,no,"Manoil and Ausubel Overlap, 2005, LB met"
PA14_29920,no,"Manoil and Ausubel Overlap, 2005, LB met"
PA14_29930,no,"Manoil and Ausubel Overlap, 2005, LB met"
PA14_29940,no,"Manoil and Ausubel Overlap, 2005, LB met"
PA14_29970,no,"Manoil and Ausubel Overlap, 2005, LB met"
PA14_29980,no,"Manoil and Ausubel Overlap, 2005, LB met"
PA14_29990,no,"Manoil and Ausubel Overlap, 2005, LB met"
PA14_30010,no,"Manoil and Ausubel Overlap, 2005, LB met"
PA14_30020,no,"Manoil and Ausubel Overlap, 2005, LB met"
PA14_30050,no,"Manoil and Ausubel Overlap, 2005, LB met"
PA14_30110,yes,"Manoil and Ausubel Overlap, 2005, LB met"
PA14_30180,no,"Manoil and Ausubel Overlap, 2005, LB met"
PA14_30190,no,"Manoil and Ausubel Overlap, 2005, LB met"
PA14_30280,no,"Manoil and Ausubel Overlap, 2005, LB met"
PA14_30340,no,"Manoil and Ausubel Overlap, 2005, LB met"
PA14_30630,no,"Manoil and Ausubel Overlap, 2005, LB met"
PA14_30670,yes,"Manoil and Ausubel Overlap, 2005, LB met"
PA14_30750,no,"Manoil and Ausubel Overlap, 2005, LB met"
PA14_31010,no,"Manoil and Ausubel Overlap, 2005, LB met"
PA14_31030,no,"Manoil and Ausubel Overlap, 2005, LB met"
PA14_31040,no,"Manoil and Ausubel Overlap, 2005, LB met"
PA14_31470,no,"Manoil and Ausubel Overlap, 2005, LB met"
PA14_31500,no,"Manoil and Ausubel Overlap, 2005, LB met"
PA14_31540,no,"Manoil and Ausubel Overlap, 2005, LB met"
PA14_31580,no,"Manoil and Ausubel Overlap, 2005, LB met"
PA14_31700,no,"Manoil and Ausubel Overlap, 2005, LB met"
PA14_31750,yes,"Manoil and Ausubel Overlap, 2005, LB met"
PA14_31760,no,"Manoil and Ausubel Overlap, 2005, LB met"
PA14_31800,no,"Manoil and Ausubel Overlap, 2005, LB met"
PA14_31820,no,"Manoil and Ausubel Overlap, 2005, LB met"
PA14_31970,no,"Manoil and Ausubel Overlap, 2005, LB met"
PA14_31990,no,"Manoil and Ausubel Overlap, 2005, LB met"
PA14_32080,no,"Manoil and Ausubel Overlap, 2005, LB met"
PA14_32100,no,"Manoil and Ausubel Overlap, 2005, LB met"
PA14_32110,no,"Manoil and Ausubel Overlap, 2005, LB met"
PA14_32220,no,"Manoil and Ausubel Overlap, 2005, LB met"
PA14_32230,no,"Manoil and Ausubel Overlap, 2005, LB met"
PA14_32240,no,"Manoil and Ausubel Overlap, 2005, LB met"
PA14_32270,no,"Manoil and Ausubel Overlap, 2005, LB met"
PA14_32650,no,"Manoil and Ausubel Overlap, 2005, LB met"
PA14_32660,no,"Manoil and Ausubel Overlap, 2005, LB met"
PA14_33000,no,"Manoil and Ausubel Overlap, 2005, LB met"
PA14_33010,no,"Manoil and Ausubel Overlap, 2005, LB met"
PA14_33030,no,"Manoil and Ausubel Overlap, 2005, LB met"
PA14_33040,no,"Manoil and Ausubel Overlap, 2005, LB met"
PA14_33280,no,"Manoil and Ausubel Overlap, 2005, LB met"
PA14_33450,no,"Manoil and Ausubel Overlap, 2005, LB met"
PA14_33500,no,"Manoil and Ausubel Overlap, 2005, LB met"
PA14_33540,no,"Manoil and Ausubel Overlap, 2005, LB met"
PA14_33550,no,"Manoil and Ausubel Overlap, 2005, LB met"
PA14_33560,no,"Manoil and Ausubel Overlap, 2005, LB met"
PA14_33610,no,"Manoil and Ausubel Overlap, 2005, LB met"
PA14_33630,no,"Manoil and Ausubel Overlap, 2005, LB met"
PA14_33650,no,"Manoil and Ausubel Overlap, 2005, LB met"
PA14_33690,no,"Manoil and Ausubel Overlap, 2005, LB met"
PA14_33700,no,"Manoil and Ausubel Overlap, 2005, LB met"
PA14_33810,no,"Manoil and Ausubel Overlap, 2005, LB met"
PA14_33820,no,"Manoil and Ausubel Overlap, 2005, LB met"
PA14_33860,no,"Manoil and Ausubel Overlap, 2005, LB met"
PA14_34050,no,"Manoil and Ausubel Overlap, 2005, LB met"
PA14_34250,no,"Manoil and Ausubel Overlap, 2005, LB met"
PA14_34260,no,"Manoil and Ausubel Overlap, 2005, LB met"
PA14_34270,no,"Manoil and Ausubel Overlap, 2005, LB met"
PA14_34280,no,"Manoil and Ausubel Overlap, 2005, LB met"
PA14_34340,no,"Manoil and Ausubel Overlap, 2005, LB met"
PA14_34350,no,"Manoil and Ausubel Overlap, 2005, LB met"
PA14_34360,no,"Manoil and Ausubel Overlap, 2005, LB met"
PA14_34370,yes,"Manoil and Ausubel Overlap, 2005, LB met"
PA14_34390,no,"Manoil and Ausubel Overlap, 2005, LB met"
PA14_34410,no,"Manoil and Ausubel Overlap, 2005, LB met"
PA14_34420,no,"Manoil and Ausubel Overlap, 2005, LB met"
PA14_34600,no,"Manoil and Ausubel Overlap, 2005, LB met"
PA14_34630,no,"Manoil and Ausubel Overlap, 2005, LB met"
PA14_34640,no,"Manoil and Ausubel Overlap, 2005, LB met"
PA14_34770,no,"Manoil and Ausubel Overlap, 2005, LB met"
PA14_34780,no,"Manoil and Ausubel Overlap, 2005, LB met"
PA14_34790,no,"Manoil and Ausubel Overlap, 2005, LB met"
PA14_34970,no,"Manoil and Ausubel Overlap, 2005, LB met"
PA14_35270,no,"Manoil and Ausubel Overlap, 2005, LB met"
PA14_35290,no,"Manoil and Ausubel Overlap, 2005, LB met"
PA14_35300,no,"Manoil and Ausubel Overlap, 2005, LB met"
PA14_35320,no,"Manoil and Ausubel Overlap, 2005, LB met"
PA14_35330,no,"Manoil and Ausubel Overlap, 2005, LB met"
PA14_35340,no,"Manoil and Ausubel Overlap, 2005, LB met"
PA14_35440,no,"Manoil and Ausubel Overlap, 2005, LB met"
PA14_35460,no,"Manoil and Ausubel Overlap, 2005, LB met"
PA14_35490,no,"Manoil and Ausubel Overlap, 2005, LB met"
PA14_35530,no,"Manoil and Ausubel Overlap, 2005, LB met"
PA14_35890,no,"Manoil and Ausubel Overlap, 2005, LB met"
PA14_35920,no,"Manoil and Ausubel Overlap, 2005, LB met"
PA14_35940,no,"Manoil and Ausubel Overlap, 2005, LB met"
PA14_36080,no,"Manoil and Ausubel Overlap, 2005, LB met"
PA14_36120,no,"Manoil and Ausubel Overlap, 2005, LB met"
PA14_36200,no,"Manoil and Ausubel Overlap, 2005, LB met"
PA14_36220,no,"Manoil and Ausubel Overlap, 2005, LB met"
PA14_36230,no,"Manoil and Ausubel Overlap, 2005, LB met"
PA14_36270,no,"Manoil and Ausubel Overlap, 2005, LB met"
PA14_36310,no,"Manoil and Ausubel Overlap, 2005, LB met"
PA14_36320,no,"Manoil and Ausubel Overlap, 2005, LB met"
PA14_36330,no,"Manoil and Ausubel Overlap, 2005, LB met"
PA14_36345,no,"Manoil and Ausubel Overlap, 2005, LB met"
PA14_36570,no,"Manoil and Ausubel Overlap, 2005, LB met"
PA14_36660,no,"Manoil and Ausubel Overlap, 2005, LB met"
PA14_36690,no,"Manoil and Ausubel Overlap, 2005, LB met"
PA14_36730,no,"Manoil and Ausubel Overlap, 2005, LB met"
PA14_36810,no,"Manoil and Ausubel Overlap, 2005, LB met"
PA14_36840,no,"Manoil and Ausubel Overlap, 2005, LB met"
PA14_36960,no,"Manoil and Ausubel Overlap, 2005, LB met"
PA14_37090,no,"Manoil and Ausubel Overlap, 2005, LB met"
PA14_37100,no,"Manoil and Ausubel Overlap, 2005, LB met"
PA14_37560,no,"Manoil and Ausubel Overlap, 2005, LB met"
PA14_37590,no,"Manoil and Ausubel Overlap, 2005, LB met"
PA14_37610,no,"Manoil and Ausubel Overlap, 2005, LB met"
PA14_37950,no,"Manoil and Ausubel Overlap, 2005, LB met"
PA14_37965,no,"Manoil and Ausubel Overlap, 2005, LB met"
PA14_38110,no,"Manoil and Ausubel Overlap, 2005, LB met"
PA14_38130,no,"Manoil and Ausubel Overlap, 2005, LB met"
PA14_38140,no,"Manoil and Ausubel Overlap, 2005, LB met"
PA14_38250,no,"Manoil and Ausubel Overlap, 2005, LB met"
PA14_38320,no,"Manoil and Ausubel Overlap, 2005, LB met"
PA14_38330,no,"Manoil and Ausubel Overlap, 2005, LB met"
PA14_38350,no,"Manoil and Ausubel Overlap, 2005, LB met"
PA14_38360,no,"Manoil and Ausubel Overlap, 2005, LB met"
PA14_38440,no,"Manoil and Ausubel Overlap, 2005, LB met"
PA14_38460,no,"Manoil and Ausubel Overlap, 2005, LB met"
PA14_38470,no,"Manoil and Ausubel Overlap, 2005, LB met"
PA14_38480,no,"Manoil and Ausubel Overlap, 2005, LB met"
PA14_38490,no,"Manoil and Ausubel Overlap, 2005, LB met"
PA14_38510,no,"Manoil and Ausubel Overlap, 2005, LB met"
PA14_38530,no,"Manoil and Ausubel Overlap, 2005, LB met"
PA14_38550,no,"Manoil and Ausubel Overlap, 2005, LB met"
PA14_38580,no,"Manoil and Ausubel Overlap, 2005, LB met"
PA14_38590,no,"Manoil and Ausubel Overlap, 2005, LB met"
PA14_38610,no,"Manoil and Ausubel Overlap, 2005, LB met"
PA14_38630,no,"Manoil and Ausubel Overlap, 2005, LB met"
PA14_38640,no,"Manoil and Ausubel Overlap, 2005, LB met"
PA14_38660,no,"Manoil and Ausubel Overlap, 2005, LB met"
PA14_38690,no,"Manoil and Ausubel Overlap, 2005, LB met"
PA14_38840,no,"Manoil and Ausubel Overlap, 2005, LB met"
PA14_38850,no,"Manoil and Ausubel Overlap, 2005, LB met"
PA14_38860,no,"Manoil and Ausubel Overlap, 2005, LB met"
PA14_39050,no,"Manoil and Ausubel Overlap, 2005, LB met"
PA14_39190,no,"Manoil and Ausubel Overlap, 2005, LB met"
PA14_39280,no,"Manoil and Ausubel Overlap, 2005, LB met"
PA14_39320,no,"Manoil and Ausubel Overlap, 2005, LB met"
PA14_39330,no,"Manoil and Ausubel Overlap, 2005, LB met"
PA14_39350,no,"Manoil and Ausubel Overlap, 2005, LB met"
PA14_39590,no,"Manoil and Ausubel Overlap, 2005, LB met"
PA14_39640,no,"Manoil and Ausubel Overlap, 2005, LB met"
PA14_39690,no,"Manoil and Ausubel Overlap, 2005, LB met"
PA14_39720,no,"Manoil and Ausubel Overlap, 2005, LB met"
PA14_39750,no,"Manoil and Ausubel Overlap, 2005, LB met"
PA14_39880,no,"Manoil and Ausubel Overlap, 2005, LB met"
PA14_39890,no,"Manoil and Ausubel Overlap, 2005, LB met"
PA14_39910,no,"Manoil and Ausubel Overlap, 2005, LB met"
PA14_39925,no,"Manoil and Ausubel Overlap, 2005, LB met"
PA14_39945,no,"Manoil and Ausubel Overlap, 2005, LB met"
PA14_39960,no,"Manoil and Ausubel Overlap, 2005, LB met"
PA14_39970,no,"Manoil and Ausubel Overlap, 2005, LB met"
PA14_40390,no,"Manoil and Ausubel Overlap, 2005, LB met"
PA14_40410,no,"Manoil and Ausubel Overlap, 2005, LB met"
PA14_40420,no,"Manoil and Ausubel Overlap, 2005, LB met"
PA14_40470,no,"Manoil and Ausubel Overlap, 2005, LB met"
PA14_40670,no,"Manoil and Ausubel Overlap, 2005, LB met"
PA14_40770,no,"Manoil and Ausubel Overlap, 2005, LB met"
PA14_40890,no,"Manoil and Ausubel Overlap, 2005, LB met"
PA14_41010,no,"Manoil and Ausubel Overlap, 2005, LB met"
PA14_41020,no,"Manoil and Ausubel Overlap, 2005, LB met"
PA14_41130,no,"Manoil and Ausubel Overlap, 2005, LB met"
PA14_41140,no,"Manoil and Ausubel Overlap, 2005, LB met"
PA14_41150,no,"Manoil and Ausubel Overlap, 2005, LB met"
PA14_41160,no,"Manoil and Ausubel Overlap, 2005, LB met"
PA14_41170,no,"Manoil and Ausubel Overlap, 2005, LB met"
PA14_41350,yes,"Manoil and Ausubel Overlap, 2005, LB met"
PA14_41400,yes,"Manoil and Ausubel Overlap, 2005, LB met"
PA14_41470,no,"Manoil and Ausubel Overlap, 2005, LB met"
PA14_41510,no,"Manoil and Ausubel Overlap, 2005, LB met"
PA14_41530,no,"Manoil and Ausubel Overlap, 2005, LB met"
PA14_41540,no,"Manoil and Ausubel Overlap, 2005, LB met"
PA14_41563,no,"Manoil and Ausubel Overlap, 2005, LB met"
PA14_41640,no,"Manoil and Ausubel Overlap, 2005, LB met"
PA14_41670,no,"Manoil and Ausubel Overlap, 2005, LB met"
PA14_41820,no,"Manoil and Ausubel Overlap, 2005, LB met"
PA14_41830,no,"Manoil and Ausubel Overlap, 2005, LB met"
PA14_41840,no,"Manoil and Ausubel Overlap, 2005, LB met"
PA14_41920,no,"Manoil and Ausubel Overlap, 2005, LB met"
PA14_41950,no,"Manoil and Ausubel Overlap, 2005, LB met"
PA14_42080,no,"Manoil and Ausubel Overlap, 2005, LB met"
PA14_42090,no,"Manoil and Ausubel Overlap, 2005, LB met"
PA14_42230,no,"Manoil and Ausubel Overlap, 2005, LB met"
PA14_42690,no,"Manoil and Ausubel Overlap, 2005, LB met"
PA14_42720,no,"Manoil and Ausubel Overlap, 2005, LB met"
PA14_42730,no,"Manoil and Ausubel Overlap, 2005, LB met"
PA14_42740,no,"Manoil and Ausubel Overlap, 2005, LB met"
PA14_42760,no,"Manoil and Ausubel Overlap, 2005, LB met"
PA14_42850,no,"Manoil and Ausubel Overlap, 2005, LB met"
PA14_43110,no,"Manoil and Ausubel Overlap, 2005, LB met"
PA14_43180,no,"Manoil and Ausubel Overlap, 2005, LB met"
PA14_43280,no,"Manoil and Ausubel Overlap, 2005, LB met"
PA14_43320,no,"Manoil and Ausubel Overlap, 2005, LB met"
PA14_43370,no,"Manoil and Ausubel Overlap, 2005, LB met"
PA14_43380,no,"Manoil and Ausubel Overlap, 2005, LB met"
PA14_43400,no,"Manoil and Ausubel Overlap, 2005, LB met"
PA14_43440,no,"Manoil and Ausubel Overlap, 2005, LB met"
PA14_43460,no,"Manoil and Ausubel Overlap, 2005, LB met"
PA14_43610,no,"Manoil and Ausubel Overlap, 2005, LB met"
PA14_43620,no,"Manoil and Ausubel Overlap, 2005, LB met"
PA14_43640,no,"Manoil and Ausubel Overlap, 2005, LB met"
PA14_43680,yes,"Manoil and Ausubel Overlap, 2005, LB met"
PA14_43690,no,"Manoil and Ausubel Overlap, 2005, LB met"
PA14_43920,no,"Manoil and Ausubel Overlap, 2005, LB met"
PA14_43940,no,"Manoil and Ausubel Overlap, 2005, LB met"
PA14_43950,no,"Manoil and Ausubel Overlap, 2005, LB met"
PA14_43970,no,"Manoil and Ausubel Overlap, 2005, LB met"
PA14_44000,yes,"Manoil and Ausubel Overlap, 2005, LB met"
PA14_44010,yes,"Manoil and Ausubel Overlap, 2005, LB met"
PA14_44020,yes,"Manoil and Ausubel Overlap, 2005, LB met"
PA14_44030,yes,"Manoil and Ausubel Overlap, 2005, LB met"
PA14_44050,yes,"Manoil and Ausubel Overlap, 2005, LB met"
PA14_44060,yes,"Manoil and Ausubel Overlap, 2005, LB met"
PA14_44070,no,"Manoil and Ausubel Overlap, 2005, LB met"
PA14_44210,no,"Manoil and Ausubel Overlap, 2005, LB met"
PA14_44260,no,"Manoil and Ausubel Overlap, 2005, LB met"
PA14_44290,no,"Manoil and Ausubel Overlap, 2005, LB met"
PA14_44470,no,"Manoil and Ausubel Overlap, 2005, LB met"
PA14_44500,no,"Manoil and Ausubel Overlap, 2005, LB met"
PA14_44710,no,"Manoil and Ausubel Overlap, 2005, LB met"
PA14_44740,no,"Manoil and Ausubel Overlap, 2005, LB met"
PA14_44760,no,"Manoil and Ausubel Overlap, 2005, LB met"
PA14_44770,no,"Manoil and Ausubel Overlap, 2005, LB met"
PA14_44800,no,"Manoil and Ausubel Overlap, 2005, LB met"
PA14_44850,no,"Manoil and Ausubel Overlap, 2005, LB met"
PA14_44860,no,"Manoil and Ausubel Overlap, 2005, LB met"
PA14_44950,no,"Manoil and Ausubel Overlap, 2005, LB met"
PA14_44970,no,"Manoil and Ausubel Overlap, 2005, LB met"
PA14_45000,no,"Manoil and Ausubel Overlap, 2005, LB met"
PA14_45050,no,"Manoil and Ausubel Overlap, 2005, LB met"
PA14_45060,no,"Manoil and Ausubel Overlap, 2005, LB met"
PA14_45170,no,"Manoil and Ausubel Overlap, 2005, LB met"
PA14_45190,no,"Manoil and Ausubel Overlap, 2005, LB met"
PA14_45240,no,"Manoil and Ausubel Overlap, 2005, LB met"
PA14_45430,no,"Manoil and Ausubel Overlap, 2005, LB met"
PA14_45940,no,"Manoil and Ausubel Overlap, 2005, LB met"
PA14_45970,no,"Manoil and Ausubel Overlap, 2005, LB met"
PA14_46070,no,"Manoil and Ausubel Overlap, 2005, LB met"
PA14_46100,no,"Manoil and Ausubel Overlap, 2005, LB met"
PA14_46240,no,"Manoil and Ausubel Overlap, 2005, LB met"
PA14_46320,no,"Manoil and Ausubel Overlap, 2005, LB met"
PA14_46470,no,"Manoil and Ausubel Overlap, 2005, LB met"
PA14_46490,no,"Manoil and Ausubel Overlap, 2005, LB met"
PA14_46910,no,"Manoil and Ausubel Overlap, 2005, LB met"
PA14_46920,no,"Manoil and Ausubel Overlap, 2005, LB met"
PA14_46930,no,"Manoil and Ausubel Overlap, 2005, LB met"
PA14_46950,no,"Manoil and Ausubel Overlap, 2005, LB met"
PA14_46970,no,"Manoil and Ausubel Overlap, 2005, LB met"
PA14_47100,no,"Manoil and Ausubel Overlap, 2005, LB met"
PA14_47150,no,"Manoil and Ausubel Overlap, 2005, LB met"
PA14_47160,no,"Manoil and Ausubel Overlap, 2005, LB met"
PA14_47180,no,"Manoil and Ausubel Overlap, 2005, LB met"
PA14_47190,no,"Manoil and Ausubel Overlap, 2005, LB met"
PA14_47210,no,"Manoil and Ausubel Overlap, 2005, LB met"
PA14_47280,no,"Manoil and Ausubel Overlap, 2005, LB met"
PA14_47300,no,"Manoil and Ausubel Overlap, 2005, LB met"
PA14_47430,no,"Manoil and Ausubel Overlap, 2005, LB met"
PA14_47490,no,"Manoil and Ausubel Overlap, 2005, LB met"
PA14_47540,no,"Manoil and Ausubel Overlap, 2005, LB met"
PA14_47670,no,"Manoil and Ausubel Overlap, 2005, LB met"
PA14_47690,no,"Manoil and Ausubel Overlap, 2005, LB met"
PA14_47720,no,"Manoil and Ausubel Overlap, 2005, LB met"
PA14_47730,no,"Manoil and Ausubel Overlap, 2005, LB met"
PA14_47760,no,"Manoil and Ausubel Overlap, 2005, LB met"
PA14_47790,no,"Manoil and Ausubel Overlap, 2005, LB met"
PA14_47850,no,"Manoil and Ausubel Overlap, 2005, LB met"
PA14_48020,no,"Manoil and Ausubel Overlap, 2005, LB met"
PA14_48470,no,"Manoil and Ausubel Overlap, 2005, LB met"
PA14_48570,no,"Manoil and Ausubel Overlap, 2005, LB met"
PA14_48600,no,"Manoil and Ausubel Overlap, 2005, LB met"
PA14_49130,no,"Manoil and Ausubel Overlap, 2005, LB met"
PA14_49250,no,"Manoil and Ausubel Overlap, 2005, LB met"
PA14_49340,yes,"Manoil and Ausubel Overlap, 2005, LB met"
PA14_49380,no,"Manoil and Ausubel Overlap, 2005, LB met"
PA14_49460,yes,"Manoil and Ausubel Overlap, 2005, LB met"
PA14_49470,yes,"Manoil and Ausubel Overlap, 2005, LB met"
PA14_49760,no,"Manoil and Ausubel Overlap, 2005, LB met"
PA14_49840,no,"Manoil and Ausubel Overlap, 2005, LB met"
PA14_49870,no,"Manoil and Ausubel Overlap, 2005, LB met"
PA14_50520,no,"Manoil and Ausubel Overlap, 2005, LB met"
PA14_50530,no,"Manoil and Ausubel Overlap, 2005, LB met"
PA14_50540,no,"Manoil and Ausubel Overlap, 2005, LB met"
PA14_50550,no,"Manoil and Ausubel Overlap, 2005, LB met"
PA14_50560,no,"Manoil and Ausubel Overlap, 2005, LB met"
PA14_50760,no,"Manoil and Ausubel Overlap, 2005, LB met"
PA14_50800,yes,"Manoil and Ausubel Overlap, 2005, LB met"
PA14_51040,no,"Manoil and Ausubel Overlap, 2005, LB met"
PA14_51050,no,"Manoil and Ausubel Overlap, 2005, LB met"
PA14_51080,no,"Manoil and Ausubel Overlap, 2005, LB met"
PA14_51150,no,"Manoil and Ausubel Overlap, 2005, LB met"
PA14_51240,no,"Manoil and Ausubel Overlap, 2005, LB met"
PA14_51270,yes,"Manoil and Ausubel Overlap, 2005, LB met"
PA14_51330,no,"Manoil and Ausubel Overlap, 2005, LB met"
PA14_51350,no,"Manoil and Ausubel Overlap, 2005, LB met"
PA14_51360,no,"Manoil and Ausubel Overlap, 2005, LB met"
PA14_51390,no,"Manoil and Ausubel Overlap, 2005, LB met"
PA14_51410,no,"Manoil and Ausubel Overlap, 2005, LB met"
PA14_51420,no,"Manoil and Ausubel Overlap, 2005, LB met"
PA14_51430,no,"Manoil and Ausubel Overlap, 2005, LB met"
PA14_51980,no,"Manoil and Ausubel Overlap, 2005, LB met"
PA14_52040,no,"Manoil and Ausubel Overlap, 2005, LB met"
PA14_52050,no,"Manoil and Ausubel Overlap, 2005, LB met"
PA14_52150,no,"Manoil and Ausubel Overlap, 2005, LB met"
PA14_52180,no,"Manoil and Ausubel Overlap, 2005, LB met"
PA14_52210,no,"Manoil and Ausubel Overlap, 2005, LB met"
PA14_52270,no,"Manoil and Ausubel Overlap, 2005, LB met"
PA14_52460,no,"Manoil and Ausubel Overlap, 2005, LB met"
PA14_52580,no,"Manoil and Ausubel Overlap, 2005, LB met"
PA14_52610,no,"Manoil and Ausubel Overlap, 2005, LB met"
PA14_52630,no,"Manoil and Ausubel Overlap, 2005, LB met"
PA14_52660,no,"Manoil and Ausubel Overlap, 2005, LB met"
PA14_52670,no,"Manoil and Ausubel Overlap, 2005, LB met"
PA14_52690,no,"Manoil and Ausubel Overlap, 2005, LB met"
PA14_52700,no,"Manoil and Ausubel Overlap, 2005, LB met"
PA14_52720,no,"Manoil and Ausubel Overlap, 2005, LB met"
PA14_52750,no,"Manoil and Ausubel Overlap, 2005, LB met"
PA14_52770,no,"Manoil and Ausubel Overlap, 2005, LB met"
PA14_52780,no,"Manoil and Ausubel Overlap, 2005, LB met"
PA14_52790,no,"Manoil and Ausubel Overlap, 2005, LB met"
PA14_52800,no,"Manoil and Ausubel Overlap, 2005, LB met"
PA14_52810,no,"Manoil and Ausubel Overlap, 2005, LB met"
PA14_52820,no,"Manoil and Ausubel Overlap, 2005, LB met"
PA14_52840,no,"Manoil and Ausubel Overlap, 2005, LB met"
PA14_52850,no,"Manoil and Ausubel Overlap, 2005, LB met"
PA14_52870,no,"Manoil and Ausubel Overlap, 2005, LB met"
PA14_52900,no,"Manoil and Ausubel Overlap, 2005, LB met"
PA14_52910,no,"Manoil and Ausubel Overlap, 2005, LB met"
PA14_52990,no,"Manoil and Ausubel Overlap, 2005, LB met"
PA14_53000,no,"Manoil and Ausubel Overlap, 2005, LB met"
PA14_53010,no,"Manoil and Ausubel Overlap, 2005, LB met"
PA14_53050,no,"Manoil and Ausubel Overlap, 2005, LB met"
PA14_53070,no,"Manoil and Ausubel Overlap, 2005, LB met"
PA14_53220,no,"Manoil and Ausubel Overlap, 2005, LB met"
PA14_53290,no,"Manoil and Ausubel Overlap, 2005, LB met"
PA14_53470,no,"Manoil and Ausubel Overlap, 2005, LB met"
PA14_53480,no,"Manoil and Ausubel Overlap, 2005, LB met"
PA14_53800,no,"Manoil and Ausubel Overlap, 2005, LB met"
PA14_53940,no,"Manoil and Ausubel Overlap, 2005, LB met"
PA14_53950,no,"Manoil and Ausubel Overlap, 2005, LB met"
PA14_53970,no,"Manoil and Ausubel Overlap, 2005, LB met"
PA14_54040,no,"Manoil and Ausubel Overlap, 2005, LB met"
PA14_54150,no,"Manoil and Ausubel Overlap, 2005, LB met"
PA14_54170,no,"Manoil and Ausubel Overlap, 2005, LB met"
PA14_54450,no,"Manoil and Ausubel Overlap, 2005, LB met"
PA14_54520,no,"Manoil and Ausubel Overlap, 2005, LB met"
PA14_54620,no,"Manoil and Ausubel Overlap, 2005, LB met"
PA14_54640,no,"Manoil and Ausubel Overlap, 2005, LB met"
PA14_54660,no,"Manoil and Ausubel Overlap, 2005, LB met"
PA14_54670,no,"Manoil and Ausubel Overlap, 2005, LB met"
PA14_54880,no,"Manoil and Ausubel Overlap, 2005, LB met"
PA14_54910,no,"Manoil and Ausubel Overlap, 2005, LB met"
PA14_54930,no,"Manoil and Ausubel Overlap, 2005, LB met"
PA14_54940,no,"Manoil and Ausubel Overlap, 2005, LB met"
PA14_55130,no,"Manoil and Ausubel Overlap, 2005, LB met"
PA14_55740,no,"Manoil and Ausubel Overlap, 2005, LB met"
PA14_55770,no,"Manoil and Ausubel Overlap, 2005, LB met"
PA14_56060,no,"Manoil and Ausubel Overlap, 2005, LB met"
PA14_56240,no,"Manoil and Ausubel Overlap, 2005, LB met"
PA14_56250,no,"Manoil and Ausubel Overlap, 2005, LB met"
PA14_56300,no,"Manoil and Ausubel Overlap, 2005, LB met"
PA14_56340,no,"Manoil and Ausubel Overlap, 2005, LB met"
PA14_56570,no,"Manoil and Ausubel Overlap, 2005, LB met"
PA14_56680,no,"Manoil and Ausubel Overlap, 2005, LB met"
PA14_56780,yes,"Manoil and Ausubel Overlap, 2005, LB met"
PA14_56900,no,"Manoil and Ausubel Overlap, 2005, LB met"
PA14_57160,no,"Manoil and Ausubel Overlap, 2005, LB met"
PA14_57190,no,"Manoil and Ausubel Overlap, 2005, LB met"
PA14_57210,no,"Manoil and Ausubel Overlap, 2005, LB met"
PA14_57260,no,"Manoil and Ausubel Overlap, 2005, LB met"
PA14_57320,no,"Manoil and Ausubel Overlap, 2005, LB met"
PA14_57330,yes,"Manoil and Ausubel Overlap, 2005, LB met"
PA14_57340,yes,"Manoil and Ausubel Overlap, 2005, LB met"
PA14_57370,no,"Manoil and Ausubel Overlap, 2005, LB met"
PA14_57380,yes,"Manoil and Ausubel Overlap, 2005, LB met"
PA14_57390,yes,"Manoil and Ausubel Overlap, 2005, LB met"
PA14_57410,yes,"Manoil and Ausubel Overlap, 2005, LB met"
PA14_57500,yes,"Manoil and Ausubel Overlap, 2005, LB met"
PA14_57540,no,"Manoil and Ausubel Overlap, 2005, LB met"
PA14_57560,no,"Manoil and Ausubel Overlap, 2005, LB met"
PA14_57570,no,"Manoil and Ausubel Overlap, 2005, LB met"
PA14_57670,no,"Manoil and Ausubel Overlap, 2005, LB met"
PA14_57710,no,"Manoil and Ausubel Overlap, 2005, LB met"
PA14_57720,no,"Manoil and Ausubel Overlap, 2005, LB met"
PA14_57770,no,"Manoil and Ausubel Overlap, 2005, LB met"
PA14_57780,no,"Manoil and Ausubel Overlap, 2005, LB met"
PA14_57800,no,"Manoil and Ausubel Overlap, 2005, LB met"
PA14_57810,no,"Manoil and Ausubel Overlap, 2005, LB met"
PA14_57890,no,"Manoil and Ausubel Overlap, 2005, LB met"
PA14_57900,no,"Manoil and Ausubel Overlap, 2005, LB met"
PA14_58000,no,"Manoil and Ausubel Overlap, 2005, LB met"
PA14_58030,no,"Manoil and Ausubel Overlap, 2005, LB met"
PA14_58220,no,"Manoil and Ausubel Overlap, 2005, LB met"
PA14_58410,no,"Manoil and Ausubel Overlap, 2005, LB met"
PA14_58420,no,"Manoil and Ausubel Overlap, 2005, LB met"
PA14_58440,no,"Manoil and Ausubel Overlap, 2005, LB met"
PA14_58450,no,"Manoil and Ausubel Overlap, 2005, LB met"
PA14_58470,no,"Manoil and Ausubel Overlap, 2005, LB met"
PA14_58490,no,"Manoil and Ausubel Overlap, 2005, LB met"
PA14_58550,no,"Manoil and Ausubel Overlap, 2005, LB met"
PA14_58630,no,"Manoil and Ausubel Overlap, 2005, LB met"
PA14_58700,no,"Manoil and Ausubel Overlap, 2005, LB met"
PA14_58780,yes,"Manoil and Ausubel Overlap, 2005, LB met"
PA14_58870,no,"Manoil and Ausubel Overlap, 2005, LB met"
PA14_60120,no,"Manoil and Ausubel Overlap, 2005, LB met"
PA14_60210,no,"Manoil and Ausubel Overlap, 2005, LB met"
PA14_60270,no,"Manoil and Ausubel Overlap, 2005, LB met"
PA14_60330,yes,"Manoil and Ausubel Overlap, 2005, LB met"
PA14_60380,no,"Manoil and Ausubel Overlap, 2005, LB met"
PA14_60420,no,"Manoil and Ausubel Overlap, 2005, LB met"
PA14_60470,no,"Manoil and Ausubel Overlap, 2005, LB met"
PA14_60700,no,"Manoil and Ausubel Overlap, 2005, LB met"
PA14_60710,no,"Manoil and Ausubel Overlap, 2005, LB met"
PA14_60730,no,"Manoil and Ausubel Overlap, 2005, LB met"
PA14_60890,yes,"Manoil and Ausubel Overlap, 2005, LB met"
PA14_61040,no,"Manoil and Ausubel Overlap, 2005, LB met"
PA14_61210,no,"Manoil and Ausubel Overlap, 2005, LB met"
PA14_61250,no,"Manoil and Ausubel Overlap, 2005, LB met"
PA14_61400,no,"Manoil and Ausubel Overlap, 2005, LB met"
PA14_61460,no,"Manoil and Ausubel Overlap, 2005, LB met"
PA14_61470,no,"Manoil and Ausubel Overlap, 2005, LB met"
PA14_61480,no,"Manoil and Ausubel Overlap, 2005, LB met"
PA14_61580,yes,"Manoil and Ausubel Overlap, 2005, LB met"
PA14_61660,yes,"Manoil and Ausubel Overlap, 2005, LB met"
PA14_61680,no,"Manoil and Ausubel Overlap, 2005, LB met"
PA14_61710,yes,"Manoil and Ausubel Overlap, 2005, LB met"
PA14_61750,yes,"Manoil and Ausubel Overlap, 2005, LB met"
PA14_61770,no,"Manoil and Ausubel Overlap, 2005, LB met"
PA14_62000,no,"Manoil and Ausubel Overlap, 2005, LB met"
PA14_62010,no,"Manoil and Ausubel Overlap, 2005, LB met"
PA14_62120,no,"Manoil and Ausubel Overlap, 2005, LB met"
PA14_62130,no,"Manoil and Ausubel Overlap, 2005, LB met"
PA14_62150,no,"Manoil and Ausubel Overlap, 2005, LB met"
PA14_62160,no,"Manoil and Ausubel Overlap, 2005, LB met"
PA14_62440,no,"Manoil and Ausubel Overlap, 2005, LB met"
PA14_62480,no,"Manoil and Ausubel Overlap, 2005, LB met"
PA14_62570,no,"Manoil and Ausubel Overlap, 2005, LB met"
PA14_62580,no,"Manoil and Ausubel Overlap, 2005, LB met"
PA14_62590,no,"Manoil and Ausubel Overlap, 2005, LB met"
PA14_62600,no,"Manoil and Ausubel Overlap, 2005, LB met"
PA14_62620,no,"Manoil and Ausubel Overlap, 2005, LB met"
PA14_62630,no,"Manoil and Ausubel Overlap, 2005, LB met"
PA14_62730,no,"Manoil and Ausubel Overlap, 2005, LB met"
PA14_62830,no,"Manoil and Ausubel Overlap, 2005, LB met"
PA14_62840,no,"Manoil and Ausubel Overlap, 2005, LB met"
PA14_62850,yes,"Manoil and Ausubel Overlap, 2005, LB met"
PA14_62910,no,"Manoil and Ausubel Overlap, 2005, LB met"
PA14_62930,no,"Manoil and Ausubel Overlap, 2005, LB met"
PA14_62940,yes,"Manoil and Ausubel Overlap, 2005, LB met"
PA14_63080,no,"Manoil and Ausubel Overlap, 2005, LB met"
PA14_63090,no,"Manoil and Ausubel Overlap, 2005, LB met"
PA14_63570,no,"Manoil and Ausubel Overlap, 2005, LB met"
PA14_63580,no,"Manoil and Ausubel Overlap, 2005, LB met"
PA14_63605,no,"Manoil and Ausubel Overlap, 2005, LB met"
PA14_63640,no,"Manoil and Ausubel Overlap, 2005, LB met"
PA14_63800,no,"Manoil and Ausubel Overlap, 2005, LB met"
PA14_63850,no,"Manoil and Ausubel Overlap, 2005, LB met"
PA14_63990,no,"Manoil and Ausubel Overlap, 2005, LB met"
PA14_64090,no,"Manoil and Ausubel Overlap, 2005, LB met"
PA14_64100,yes,"Manoil and Ausubel Overlap, 2005, LB met"
PA14_64110,yes,"Manoil and Ausubel Overlap, 2005, LB met"
PA14_64200,no,"Manoil and Ausubel Overlap, 2005, LB met"
PA14_64220,no,"Manoil and Ausubel Overlap, 2005, LB met"
PA14_64280,no,"Manoil and Ausubel Overlap, 2005, LB met"
PA14_64290,no,"Manoil and Ausubel Overlap, 2005, LB met"
PA14_64300,no,"Manoil and Ausubel Overlap, 2005, LB met"
PA14_64310,no,"Manoil and Ausubel Overlap, 2005, LB met"
PA14_64350,no,"Manoil and Ausubel Overlap, 2005, LB met"
PA14_64370,no,"Manoil and Ausubel Overlap, 2005, LB met"
PA14_64390,no,"Manoil and Ausubel Overlap, 2005, LB met"
PA14_64740,no,"Manoil and Ausubel Overlap, 2005, LB met"
PA14_64770,no,"Manoil and Ausubel Overlap, 2005, LB met"
PA14_64860,no,"Manoil and Ausubel Overlap, 2005, LB met"
PA14_64870,no,"Manoil and Ausubel Overlap, 2005, LB met"
PA14_64880,no,"Manoil and Ausubel Overlap, 2005, LB met"
PA14_64890,no,"Manoil and Ausubel Overlap, 2005, LB met"
PA14_64900,no,"Manoil and Ausubel Overlap, 2005, LB met"
PA14_64960,no,"Manoil and Ausubel Overlap, 2005, LB met"
PA14_64980,no,"Manoil and Ausubel Overlap, 2005, LB met"
PA14_65040,no,"Manoil and Ausubel Overlap, 2005, LB met"
PA14_65110,no,"Manoil and Ausubel Overlap, 2005, LB met"
PA14_65230,no,"Manoil and Ausubel Overlap, 2005, LB met"
PA14_65250,no,"Manoil and Ausubel Overlap, 2005, LB met"
PA14_65370,no,"Manoil and Ausubel Overlap, 2005, LB met"
PA14_65480,no,"Manoil and Ausubel Overlap, 2005, LB met"
PA14_65500,yes,"Manoil and Ausubel Overlap, 2005, LB met"
PA14_65740,no,"Manoil and Ausubel Overlap, 2005, LB met"
PA14_65760,no,"Manoil and Ausubel Overlap, 2005, LB met"
PA14_65770,no,"Manoil and Ausubel Overlap, 2005, LB met"
PA14_65840,no,"Manoil and Ausubel Overlap, 2005, LB met"
PA14_65960,yes,"Manoil and Ausubel Overlap, 2005, LB met"
PA14_66060,yes,"Manoil and Ausubel Overlap, 2005, LB met"
PA14_66210,no,"Manoil and Ausubel Overlap, 2005, LB met"
PA14_66220,no,"Manoil and Ausubel Overlap, 2005, LB met"
PA14_66230,yes,"Manoil and Ausubel Overlap, 2005, LB met"
PA14_66240,no,"Manoil and Ausubel Overlap, 2005, LB met"
PA14_66250,no,"Manoil and Ausubel Overlap, 2005, LB met"
PA14_66260,no,"Manoil and Ausubel Overlap, 2005, LB met"
PA14_66290,no,"Manoil and Ausubel Overlap, 2005, LB met"
PA14_66310,no,"Manoil and Ausubel Overlap, 2005, LB met"
PA14_66330,no,"Manoil and Ausubel Overlap, 2005, LB met"
PA14_66350,no,"Manoil and Ausubel Overlap, 2005, LB met"
PA14_66380,no,"Manoil and Ausubel Overlap, 2005, LB met"
PA14_66440,no,"Manoil and Ausubel Overlap, 2005, LB met"
PA14_66550,yes,"Manoil and Ausubel Overlap, 2005, LB met"
PA14_66560,no,"Manoil and Ausubel Overlap, 2005, LB met"
PA14_66570,no,"Manoil and Ausubel Overlap, 2005, LB met"
PA14_66600,no,"Manoil and Ausubel Overlap, 2005, LB met"
PA14_66610,yes,"Manoil and Ausubel Overlap, 2005, LB met"
PA14_66680,no,"Manoil and Ausubel Overlap, 2005, LB met"
PA14_66750,no,"Manoil and Ausubel Overlap, 2005, LB met"
PA14_66820,no,"Manoil and Ausubel Overlap, 2005, LB met"
PA14_66840,no,"Manoil and Ausubel Overlap, 2005, LB met"
PA14_66900,yes,"Manoil and Ausubel Overlap, 2005, LB met"
PA14_66920,yes,"Manoil and Ausubel Overlap, 2005, LB met"
PA14_66940,no,"Manoil and Ausubel Overlap, 2005, LB met"
PA14_66950,no,"Manoil and Ausubel Overlap, 2005, LB met"
PA14_67030,no,"Manoil and Ausubel Overlap, 2005, LB met"
PA14_67040,no,"Manoil and Ausubel Overlap, 2005, LB met"
PA14_67050,no,"Manoil and Ausubel Overlap, 2005, LB met"
PA14_67240,no,"Manoil and Ausubel Overlap, 2005, LB met"
PA14_67250,no,"Manoil and Ausubel Overlap, 2005, LB met"
PA14_67260,no,"Manoil and Ausubel Overlap, 2005, LB met"
PA14_67270,no,"Manoil and Ausubel Overlap, 2005, LB met"
PA14_67280,no,"Manoil and Ausubel Overlap, 2005, LB met"
PA14_67300,no,"Manoil and Ausubel Overlap, 2005, LB met"
PA14_67310,no,"Manoil and Ausubel Overlap, 2005, LB met"
PA14_67320,no,"Manoil and Ausubel Overlap, 2005, LB met"
PA14_67340,no,"Manoil and Ausubel Overlap, 2005, LB met"
PA14_67350,no,"Manoil and Ausubel Overlap, 2005, LB met"
PA14_67440,no,"Manoil and Ausubel Overlap, 2005, LB met"
PA14_67490,yes,"Manoil and Ausubel Overlap, 2005, LB met"
PA14_67500,no,"Manoil and Ausubel Overlap, 2005, LB met"
PA14_67600,yes,"Manoil and Ausubel Overlap, 2005, LB met"
PA14_67630,no,"Manoil and Ausubel Overlap, 2005, LB met"
PA14_67770,no,"Manoil and Ausubel Overlap, 2005, LB met"
PA14_67880,no,"Manoil and Ausubel Overlap, 2005, LB met"
PA14_67890,no,"Manoil and Ausubel Overlap, 2005, LB met"
PA14_67920,no,"Manoil and Ausubel Overlap, 2005, LB met"
PA14_67930,no,"Manoil and Ausubel Overlap, 2005, LB met"
PA14_67970,no,"Manoil and Ausubel Overlap, 2005, LB met"
PA14_68060,no,"Manoil and Ausubel Overlap, 2005, LB met"
PA14_68070,no,"Manoil and Ausubel Overlap, 2005, LB met"
PA14_68080,no,"Manoil and Ausubel Overlap, 2005, LB met"
PA14_68090,no,"Manoil and Ausubel Overlap, 2005, LB met"
PA14_68170,no,"Manoil and Ausubel Overlap, 2005, LB met"
PA14_68190,no,"Manoil and Ausubel Overlap, 2005, LB met"
PA14_68200,yes,"Manoil and Ausubel Overlap, 2005, LB met"
PA14_68210,no,"Manoil and Ausubel Overlap, 2005, LB met"
PA14_68260,no,"Manoil and Ausubel Overlap, 2005, LB met"
PA14_68280,no,"Manoil and Ausubel Overlap, 2005, LB met"
PA14_68290,no,"Manoil and Ausubel Overlap, 2005, LB met"
PA14_68300,no,"Manoil and Ausubel Overlap, 2005, LB met"
PA14_68330,no,"Manoil and Ausubel Overlap, 2005, LB met"
PA14_68340,no,"Manoil and Ausubel Overlap, 2005, LB met"
PA14_68350,no,"Manoil and Ausubel Overlap, 2005, LB met"
PA14_68360,no,"Manoil and Ausubel Overlap, 2005, LB met"
PA14_68370,no,"Manoil and Ausubel Overlap, 2005, LB met"
PA14_68530,no,"Manoil and Ausubel Overlap, 2005, LB met"
PA14_68580,no,"Manoil and Ausubel Overlap, 2005, LB met"
PA14_68730,no,"Manoil and Ausubel Overlap, 2005, LB met"
PA14_68740,no,"Manoil and Ausubel Overlap, 2005, LB met"
PA14_68770,no,"Manoil and Ausubel Overlap, 2005, LB met"
PA14_68780,no,"Manoil and Ausubel Overlap, 2005, LB met"
PA14_68850,no,"Manoil and Ausubel Overlap, 2005, LB met"
PA14_68870,no,"Manoil and Ausubel Overlap, 2005, LB met"
PA14_68890,no,"Manoil and Ausubel Overlap, 2005, LB met"
PA14_68900,no,"Manoil and Ausubel Overlap, 2005, LB met"
PA14_68920,no,"Manoil and Ausubel Overlap, 2005, LB met"
PA14_68955,no,"Manoil and Ausubel Overlap, 2005, LB met"
PA14_68980,no,"Manoil and Ausubel Overlap, 2005, LB met"
PA14_69130,no,"Manoil and Ausubel Overlap, 2005, LB met"
PA14_69140,no,"Manoil and Ausubel Overlap, 2005, LB met"
PA14_69150,no,"Manoil and Ausubel Overlap, 2005, LB met"
PA14_69170,no,"Manoil and Ausubel Overlap, 2005, LB met"
PA14_69240,no,"Manoil and Ausubel Overlap, 2005, LB met"
PA14_69430,no,"Manoil and Ausubel Overlap, 2005, LB met"
PA14_69440,yes,"Manoil and Ausubel Overlap, 2005, LB met"
PA14_69450,yes,"Manoil and Ausubel Overlap, 2005, LB met"
PA14_69500,no,"Manoil and Ausubel Overlap, 2005, LB met"
PA14_69570,no,"Manoil and Ausubel Overlap, 2005, LB met"
PA14_69610,no,"Manoil and Ausubel Overlap, 2005, LB met"
PA14_69670,no,"Manoil and Ausubel Overlap, 2005, LB met"
PA14_69690,no,"Manoil and Ausubel Overlap, 2005, LB met"
PA14_69795,no,"Manoil and Ausubel Overlap, 2005, LB met"
PA14_69850,no,"Manoil and Ausubel Overlap, 2005, LB met"
PA14_69925,no,"Manoil and Ausubel Overlap, 2005, LB met"
PA14_69990,no,"Manoil and Ausubel Overlap, 2005, LB met"
PA14_70040,no,"Manoil and Ausubel Overlap, 2005, LB met"
PA14_70100,no,"Manoil and Ausubel Overlap, 2005, LB met"
PA14_70110,no,"Manoil and Ausubel Overlap, 2005, LB met"
PA14_70140,no,"Manoil and Ausubel Overlap, 2005, LB met"
PA14_70240,yes,"Manoil and Ausubel Overlap, 2005, LB met"
PA14_70260,yes,"Manoil and Ausubel Overlap, 2005, LB met"
PA14_70270,no,"Manoil and Ausubel Overlap, 2005, LB met"
PA14_70280,no,"Manoil and Ausubel Overlap, 2005, LB met"
PA14_70370,no,"Manoil and Ausubel Overlap, 2005, LB met"
PA14_70440,no,"Manoil and Ausubel Overlap, 2005, LB met"
PA14_70470,no,"Manoil and Ausubel Overlap, 2005, LB met"
PA14_70720,no,"Manoil and Ausubel Overlap, 2005, LB met"
PA14_70730,no,"Manoil and Ausubel Overlap, 2005, LB met"
PA14_70810,no,"Manoil and Ausubel Overlap, 2005, LB met"
PA14_70830,no,"Manoil and Ausubel Overlap, 2005, LB met"
PA14_70850,no,"Manoil and Ausubel Overlap, 2005, LB met"
PA14_70860,no,"Manoil and Ausubel Overlap, 2005, LB met"
PA14_70920,no,"Manoil and Ausubel Overlap, 2005, LB met"
PA14_70940,no,"Manoil and Ausubel Overlap, 2005, LB met"
PA14_70950,no,"Manoil and Ausubel Overlap, 2005, LB met"
PA14_70980,no,"Manoil and Ausubel Overlap, 2005, LB met"
PA14_71000,no,"Manoil and Ausubel Overlap, 2005, LB met"
PA14_71020,no,"Manoil and Ausubel Overlap, 2005, LB met"
PA14_71030,no,"Manoil and Ausubel Overlap, 2005, LB met"
PA14_71060,no,"Manoil and Ausubel Overlap, 2005, LB met"
PA14_71220,no,"Manoil and Ausubel Overlap, 2005, LB met"
PA14_71440,no,"Manoil and Ausubel Overlap, 2005, LB met"
PA14_71460,no,"Manoil and Ausubel Overlap, 2005, LB met"
PA14_71470,no,"Manoil and Ausubel Overlap, 2005, LB met"
PA14_71490,no,"Manoil and Ausubel Overlap, 2005, LB met"
PA14_71500,no,"Manoil and Ausubel Overlap, 2005, LB met"
PA14_71510,no,"Manoil and Ausubel Overlap, 2005, LB met"
PA14_71530,no,"Manoil and Ausubel Overlap, 2005, LB met"
PA14_71560,no,"Manoil and Ausubel Overlap, 2005, LB met"
PA14_71600,no,"Manoil and Ausubel Overlap, 2005, LB met"
PA14_71620,no,"Manoil and Ausubel Overlap, 2005, LB met"
PA14_71630,no,"Manoil and Ausubel Overlap, 2005, LB met"
PA14_71650,no,"Manoil and Ausubel Overlap, 2005, LB met"
PA14_71710,no,"Manoil and Ausubel Overlap, 2005, LB met"
PA14_71720,no,"Manoil and Ausubel Overlap, 2005, LB met"
PA14_71740,no,"Manoil and Ausubel Overlap, 2005, LB met"
PA14_71800,no,"Manoil and Ausubel Overlap, 2005, LB met"
PA14_71910,no,"Manoil and Ausubel Overlap, 2005, LB met"
PA14_71920,no,"Manoil and Ausubel Overlap, 2005, LB met"
PA14_71930,no,"Manoil and Ausubel Overlap, 2005, LB met"
PA14_71940,no,"Manoil and Ausubel Overlap, 2005, LB met"
PA14_71960,no,"Manoil and Ausubel Overlap, 2005, LB met"
PA14_71970,no,"Manoil and Ausubel Overlap, 2005, LB met"
PA14_71990,no,"Manoil and Ausubel Overlap, 2005, LB met"
PA14_72000,no,"Manoil and Ausubel Overlap, 2005, LB met"
PA14_72170,no,"Manoil and Ausubel Overlap, 2005, LB met"
PA14_72280,no,"Manoil and Ausubel Overlap, 2005, LB met"
PA14_72340,no,"Manoil and Ausubel Overlap, 2005, LB met"
PA14_72510,no,"Manoil and Ausubel Overlap, 2005, LB met"
PA14_72550,no,"Manoil and Ausubel Overlap, 2005, LB met"
PA14_72580,no,"Manoil and Ausubel Overlap, 2005, LB met"
PA14_72590,no,"Manoil and Ausubel Overlap, 2005, LB met"
PA14_72620,no,"Manoil and Ausubel Overlap, 2005, LB met"
PA14_72630,no,"Manoil and Ausubel Overlap, 2005, LB met"
PA14_72640,no,"Manoil and Ausubel Overlap, 2005, LB met"
PA14_72690,no,"Manoil and Ausubel Overlap, 2005, LB met"
PA14_72780,no,"Manoil and Ausubel Overlap, 2005, LB met"
PA14_72850,no,"Manoil and Ausubel Overlap, 2005, LB met"
PA14_72870,no,"Manoil and Ausubel Overlap, 2005, LB met"
PA14_72960,no,"Manoil and Ausubel Overlap, 2005, LB met"
PA14_73170,yes,"Manoil and Ausubel Overlap, 2005, LB met"
PA14_73220,no,"Manoil and Ausubel Overlap, 2005, LB met"
PA14_73230,no,"Manoil and Ausubel Overlap, 2005, LB met"
PA14_73240,no,"Manoil and Ausubel Overlap, 2005, LB met"
PA14_73250,no,"Manoil and Ausubel Overlap, 2005, LB met"
PA14_73260,yes,"Manoil and Ausubel Overlap, 2005, LB met"
PA14_73280,no,"Manoil and Ausubel Overlap, 2005, LB met"
PA14_73290,no,"Manoil and Ausubel Overlap, 2005, LB met"
PA14_73300,yes,"Manoil and Ausubel Overlap, 2005, LB met"
PA14_73310,no,"Manoil and Ausubel Overlap, 2005, LB met"
PA14_73320,no,"Manoil and Ausubel Overlap, 2005, LB met"